Company,Title,Category,Url
Flow Traders,Summer Trading Internship,Trading and Quant,https://job-boards.greenhouse.io/flowtraders/jobs/6033643?utm_source=Trackr&utm_medium=tracker&utm_campaign=UK_Finance_2026&gh_src=Trackr
Ares Management,Summer Analyst Programme 2026,Buy-Side,https://apptrkr.io/ares-management/ares-management-2025-2026/london-summer-intern-programme-2026?utm_source=Trackr&utm_medium=tracker&utm_campaign=UK_Finance_2026
S&W,Internship Programme - July 2026,Miscellaneous,https://careers.smartrecruiters.com/SWGroup/early-careers?search=%22internship+programme%22&utm_source=Trackr&utm_medium=tracker&utm_campaign=UK_Finance_2026&trid=Trackr&dcr_ci=Trackr
AllianceBernstein,Investments Summer Intern,Asset Management,https://abglobal.wd1.myworkdayjobs.com/en-US/alliancebernsteincareers/job/Investments-Summer-Intern_R0017087?utm_source=Trackr&utm_medium=tracker&utm_campaign=UK_Finance_2026&source=Trackr
Maven Securities,Trader Summer Internship 2026,Trading and Quant,https://job-boards.greenhouse.io/emergingtalent/jobs/6601597?utm_source=Trackr&utm_medium=tracker&utm_campaign=UK_Finance_2026&gh_src=Trackr
Guggenheim Partners,2026 Investment Banking Analyst Intern,Middle Market,https://guggenheim.wd1.myworkdayjobs.com/en-US/Guggenheim_Careers_Campus/job/XMLNAME-2026-Investment-Banking-Analyst-Intern---Digital-Infrastructure--London---June---August_14512?utm_source=Trackr&utm_medium=tracker&utm_campaign=UK_Finance_2026&source=Trackr
Lazard Asset Management,2026 Summer Internship,Asset Management,https://lazard-careers.tal.net/vx/lang-en-GB/mobile-1/appcentre-ext/brand-4/user-297649/xf-181ec2763597/candidate/jobboard/vacancy/2/adv/?utm_source=Trackr&utm_medium=tracker&utm_campaign=UK_Finance_2026&f_Item_Opportunity_84825_lk=765&f_Item_Opportunity_133529_lk=519871&f_Item_Opportunity_60426_lk=520149
Campbell Lutyens,Summer Analysts 2026,Middle Market,https://apptrkr.io/campbell-lutyens/campbell-lutyens-graduate-analyst-intern-programmes-london?utm_source=Trackr&utm_medium=tracker&utm_campaign=UK_Finance_2026
ZS,Strategy Insights & Planning Associate - Intern,Consulting,https://jobs.zs.com/all/jobs?_ga=2.42005921.563052217.1755616115-1438469132.1755615799&_gl=1*1f1w0vq*_ga*MTQzODQ2OTEzMi4xNzU1NjE1Nzk5*_ga_5Y2BYGL910*czE3NTU2MTU4MDAkbzEkZzEkdDE3NTU2MTY3MzgkajU4JGwwJGgw&keywords=intern&sortBy=relevance&page=1&tags=Strategy+Insights+%26+Planning%7CBusiness+Technology+Solutions&location=London%2C+Greater+London%2C+United+Kingdom&woe=7&regionCode=GB&stretchUnit=MILES&stretch=10&utm_source=Trackr&utm_medium=tracker&utm_campaign=UK_Finance_2026
Sky,Commercial Summer Internship 2026,Miscellaneous,https://skyearlycareers.groupgti.com/commercial-summer-internship-2026/835/viewdetails?utm_source=Trackr&utm_medium=tracker&utm_campaign=UK_Finance_2026&source=Trackr
Deloitte,Summer Vacation Scheme,Big 4,https://apply.deloitte.co.uk/UKEarlyCareers/SearchJobs/?4934=2772647&4934_format=4380&listFilterMode=1&jobRecordsPerPage=20&utm_source=Trackr&utm_medium=tracker&utm_campaign=UK_Finance_2026
NatWest Markets,Internship,Middle Market,https://rbs.wd3.myworkdayjobs.com/en-US/RBS?workerSubType=fd2c157204cd01c1e4c39a94be0cba09&utm_source=Trackr&utm_medium=tracker&utm_campaign=UK_Finance_2026&source=Trackr
Jane Street,Quantitative Trader/Researcher Internship,Trading and Quant,https://www.janestreet.com/join-jane-street/open-roles/?type=internship&location=london&department=trading-research-and-machine-learning&utm_source=Trackr&utm_medium=tracker&utm_campaign=UK_Finance_2026
Fenchurch Advisory,2026 Summer Internship Programme,Middle Market,https://apptrkr.io/fenchurch-advisory/fenchurch-advisory-2025-2026/fenchurch-2026-summer-internship-programme-uk-1?utm_source=Trackr&utm_medium=tracker&utm_campaign=UK_Finance_2026
GPFS,Accounting Internship - Summer 2026,Miscellaneous,https://gpfs.breezy.hr/?department=Fund+Reporting&country=United+Kingdom&utm_source=Trackr&utm_medium=tracker&utm_campaign=UK_Finance_2026#positions
TD Securities,2026 Summer Internship Programme,Middle Market,https://td.wd3.myworkdayjobs.com/en-US/TD_Bank_Careers?utm_source=Trackr&utm_medium=tracker&utm_campaign=UK_Finance_2026&source=Trackr&jobFamily=de769652963501ab29a8b80c0704c3aa&locationCountry=29247e57dbaf46fb855b224e03170bc7
LCP,Consulting - Summer Internship 2026,Consulting,https://careers.lcp.com/experienced-hires/search-uk-vacancies?specialism=Early+Careers&utm_source=Trackr&utm_medium=tracker&utm_campaign=UK_Finance_2026
Fidelity,Summer 2026 Equity Research Associate Intern,Asset Management,https://ats.rippling.com/en-GB/tower-peak/jobs/45b2e1bb-3a82-44c0-a4d8-0cac9b76f341
Moelis & Co,"2026 Summer Analyst, Investment Banking",Elite Boutique,https://moelis-careers.tal.net/vx/lang-en-GB/mobile-0/appcentre-1/brand-4/xf-b99e124a669c/candidate/so/pm/1/pl/2/opp/260-2026-Summer-Analyst-Investment-Banking-London/en-GB?utm_source=Trackr&utm_medium=tracker&utm_campaign=UK_Finance_2026
Perella Weinberg Partners,2026 Advisory Summer Analyst Programme,Elite Boutique,https://pwpcareers.tal.net/vx/lang-en-GB/mobile-0/appcentre-1/brand-4/user-163057/xf-6fcc295e2c1c/candidate/so/pm/1/pl/2/opp/990-2026-Advisory-Summer-Analyst-Programme-Munich-London/en-GB?utm_source=Trackr&utm_medium=tracker&utm_campaign=UK_Finance_2026
Da Vinci Trading,Quant Trading Intern,Trading and Quant,https://davincitrading.com/job/quant-trading-intern/?utm_source=Trackr&utm_medium=tracker&utm_campaign=UK_Finance_2026&gh_src=Trackr
Qatalyst Partners,2026 M&A Advisory Summer Internship,Elite Boutique,https://apptrkr.io/qatalyst-partners/intern-programme-2026?utm_source=Trackr&utm_medium=tracker&utm_campaign=UK_Finance_2026
Raymond James,2026 Summer Analyst Programme,Middle Market,https://apptrkr.io/raymond-james/raymond-james-2026-summer-intern-programme/raymond-james-2026-summer-intern-programme?utm_source=Trackr&utm_medium=tracker&utm_campaign=UK_Finance_2026
Virtu Financial,Internship - Quantitative Trading,Trading and Quant,https://job-boards.greenhouse.io/virtu/jobs/7764836002?utm_source=Trackr&utm_medium=tracker&utm_campaign=UK_Finance_2026&gh_src=Trackr
Deutsche Bank,Internship Programme 2026,Bulge Bracket,https://careers.db.com/students-graduates/Search-Programmes/?utm_source=Trackr&utm_medium=tracker&utm_campaign=UK_Finance_2026
Chicago Trading Company,Quant Trading Internship - Summer 2026,Trading and Quant,https://job-boards.greenhouse.io/ctccampusboard/jobs/4577583005?utm_source=Trackr&utm_medium=tracker&utm_campaign=UK_Finance_2026&gh_src=Trackr
D.E. Shaw,Trader/Analyst Intern (London) - Summer 2026,Sponsors,https://www.deshaw.com/careers/trader-analyst-intern-london-summer-2026-5465?utm_source=Trackr&utm_medium=tracker&utm_campaign=UK_Finance_2026
Man Group,2026 Summer Intern Programme,Buy-Side,https://job-boards.eu.greenhouse.io/mangroup?gh_src=Trackr&offices%5B%5D=4015744101&keyword=summer+intern&utm_source=Trackr&utm_medium=tracker&utm_campaign=UK_Finance_2026
Schonfeld,2026 Summer Intern,Buy-Side,https://job-boards.greenhouse.io/schonfeld/?offices%5B%5D=83992&keyword=summer+intern&utm_source=Trackr&utm_medium=tracker&utm_campaign=UK_Finance_2026&gh_src=Trackr
CD&R,Private Equity Summer Internship 2026,Buy-Side,https://apptrkr.io/cdr/private-equity-internship-programme-202627/cdrsummer2026?utm_source=Trackr&utm_medium=tracker&utm_campaign=UK_Finance_2026
Brevan Howard,Summer Internship Programme 2026,Buy-Side,https://wd3.myworkdaysite.com/en-US/recruiting/brevanhoward/BH_ExternalCareers/jobs?workerSubType=4ab1b69da77b10010e095a7cc4200000&locations=4ab1b69da77b10010f03497d2f990000&utm_source=Trackr&utm_medium=tracker&utm_campaign=UK_Finance_2026
Capula Investment Management,Trading & Research Summer Internship 2026,Buy-Side,https://apply.workable.com/capula-investment-management-ltd/j/671E0584C7/?utm_source=Trackr&utm_medium=tracker&utm_campaign=UK_Finance_2026
Wincent,Quant Research/Trading Internship - Summer 2026,Sponsors,https://www.wincent.com/careers?ashby_jid=722fd4b8-b2ca-4cef-99a1-caa49644d4ee&utm_source=Trackr
Xantium,Quantitative Researcher Intern,Trading and Quant,https://job-boards.greenhouse.io/xantium/jobs/7104184?utm_source=Trackr&utm_medium=tracker&utm_campaign=UK_Finance_2026&gh_src=Trackr
XTX Markets,Risk - Summer Intern 2026,Trading and Quant,https://job-boards.greenhouse.io/xtxmarketstechnologies?keyword=intern+summer&utm_source=Trackr&utm_medium=tracker&utm_campaign=UK_Finance_2026&gh_src=Trackr
EY-Parthenon,Summer Internship 2026,Consulting,https://ukstudents.ey.com/page/4/?jobs=%26program%5B%5D%3D41%26business-area%5B%5D%3D312
PJT Partners,2026 Summer Intern Analyst,Elite Boutique,https://pjtpartners.wd1.myworkdayjobs.com/en-US/Students/jobs?utm_source=Trackr&utm_medium=tracker&utm_campaign=UK_Finance_2026&source=Trackr&q=%222026+summer+intern+analyst%22&locations=8a0179ffd638105413bae84f953d4c0c
Point72,2026 Academy Investment Summer Internship,Buy-Side,https://job-boards.greenhouse.io/point72/jobs/7885446002?utm_source=Trackr&utm_medium=tracker&utm_campaign=UK_Finance_2026&gh_src=Trackr&gh_jid=7885446002
Capstone,2026 Summer Internship,Buy-Side,https://job-boards.greenhouse.io/capstoneinvestmentadvisors?error=true&departments%5B%5D=4075568002&offices%5B%5D=4009471002&utm_source=Trackr&utm_medium=tracker&utm_campaign=UK_Finance_2026&gh_src=Trackr
CIBC,Summer Intern 2026,Middle Market,https://cibc.wd3.myworkdayjobs.com/en-US/campus?utm_source=Trackr&utm_medium=tracker&utm_campaign=UK_Finance_2026&source=Trackr&q=%22summer+intern%22&Country=29247e57dbaf46fb855b224e03170bc7
Goldman Sachs,2026 Summer Analyst Programme,Bulge Bracket,https://higher.gs.com/campus?utm_source=Trackr&utm_medium=tracker&utm_campaign=UK_Finance_2026&EXPERIENCE_LEVEL=Summer+Analyst&LOCATION=Birmingham%7CLondon&page=1&sort=RELEVANCE
British Land,Summer Internship 2026,Asset Management,https://britishland.app.candidats.io/roles?utm_source=Trackr&utm_medium=tracker&utm_campaign=UK_Finance_2026
Tesco,Finance Internship,Miscellaneous,https://tescoearlycareers.groupgti.com/finance-internship/19/viewdetails?utm_source=Trackr&utm_medium=tracker&utm_campaign=UK_Finance_2026
Panmure Liberum,2026 Summer Internship Programme,Middle Market,https://panmure.bamboohr.com/careers/139?source=aWQ9MzA%3D
J.P. Morgan,2026 Summer Internship Program,Bulge Bracket,https://jpmc.fa.oraclecloud.com/hcmUI/CandidateExperience/en/sites/CX_1001/jobs?utm_source=Trackr&utm_medium=tracker&utm_campaign=UK_Finance_2026&iis=Trackr&sType=Trackr&keyword=%22summer+internship%22&location=United+Kingdom&locationId=300000000289276&locationLevel=country&mode=location
General Atlantic,2026 Summer Analyst,Buy-Side,https://job-boards.greenhouse.io/generalatlantic/jobs/5643942004?utm_source=Trackr&utm_medium=tracker&utm_campaign=UK_Finance_2026&gh_src=Trackr
Centerview Partners,2026 Summer Internship (see notes),Elite Boutique,https://www.centerviewpartners.com/careers.aspx?utm_source=Trackr&utm_medium=tracker&utm_campaign=UK_Finance_2026
Citi,Summer Analyst 2026,Bulge Bracket,https://citi.wd5.myworkdayjobs.com/en-US/2/jobs?utm_source=Trackr&utm_medium=tracker&utm_campaign=UK_Finance_2026&source=Trackr&q=%22summer+analyst%22&Country_and_Jurisdiction=29247e57dbaf46fb855b224e03170bc7
Jump Trading,Campus Quantitative Trader (Intern),Trading and Quant,https://www.jumptrading.com/careers/6758938/?utm_source=Trackr&utm_medium=tracker&utm_campaign=UK_Finance_2026&gh_src=Trackr
Redburn,2026 Redburn Summer Programme,Asset Management,https://rothschildandco.tal.net/vx/lang-en-GB/mobile-0/appcentre-ext/brand-4/xf-ceefb6a09989/candidate/jobboard/vacancy/2/adv/?f_Item_Opportunity_78763_lk=523763&f_Item_Opportunity_132775_lk=523903&f_Item_Opportunity_60426_lk=520148&utm_source=Trackr&utm_medium=tracker&utm_campaign=UK_Finance_2026
Grant Thornton,Internship Programme (Summer 2026),Miscellaneous,https://ukgrantt.wd3.myworkdayjobs.com/TraineeCareersGrantThornton?q=summer+2026&source=Trackr&locations=a74fb7fc4f0010013ff971e271340000&workerSubType=b06ecbd0ecba1071dbeb4e11428cf1e6&utm_source=Trackr&utm_medium=tracker&utm_campaign=UK_Finance_2026
Walter Scott,Summer Internship Opportunities 2026,Asset Management,https://www.walterscott.com/wp-content/uploads/2025/09/WS-Intern-Brochure-2025.pdf?utm_source=Trackr&utm_medium=tracker&utm_campaign=UK_Finance_2026
Castleton Commodities International,Commodities Trading Summer Analyst Internship,Trading and Quant,https://osv-cci.wd1.myworkdayjobs.com/en-US/CCICareers/job/Commodities-Trading-Summer-Analyst-Internship-Programme--Summer-2026-_R1099?utm_source=Trackr&utm_medium=tracker&utm_campaign=UK_Finance_2026&source=Trackr
Shell,Assessed Internship Programme 2026,Trading and Quant,https://shell.wd3.myworkdayjobs.com/en-US/shellcareers/job/London---Shell-Centre/Shell-Assessed-Internship-Programme-2026---United-Kingdom_R182172?utm_source=Trackr&utm_medium=tracker&utm_campaign=UK_Finance_2026&source=Trackr
PIMCO,2026 Summer Internship - Product Analyst,Asset Management,https://pimco.wd1.myworkdayjobs.com/en-US/pimco-careers?q=%222026%20summer%20internship%22&locationCountry=29247e57dbaf46fb855b224e03170bc7
RWE,Women in Trading Summer Internship Programme,Trading and Quant,https://jobs.rwe.com/RWE/job/London-Women-in-Trading-Summer-Internship-Programme-City-EC2R-8HP/1250817401/?utm_source=Trackr&utm_medium=tracker&utm_campaign=UK_Finance_2026
Charles River Associates,Intern - Summer 2026,Consulting,https://job-boards.greenhouse.io/charlesriverassociates/jobs/7259125?utm_source=Trackr&utm_medium=tracker&utm_campaign=UK_Finance_2026&gh_src=Trackr
Isio,2026 Internship Programme,Asset Management,https://careers.isio.com/jobs?utm_source=Trackr&utm_medium=tracker&utm_campaign=UK_Finance_2026&department=Early+Careers&split_view=true&query=%22internship+programme%22
Capital Group,CAP Summer Associate - Europe (2026),Asset Management,https://capgroup.wd1.myworkdayjobs.com/en-US/capitalgroupcareers/job/CAP-Summer-Associate---Europe--2026-_JR5632-1?utm_source=Trackr&utm_medium=tracker&utm_campaign=UK_Finance_2026&source=Trackr
London Stock Exchange Group,Summer Internship (2026),Miscellaneous,https://lseg.wd3.myworkdayjobs.com/Graduate_Careers?q=%22summer+internship%22&locationCountry=29247e57dbaf46fb855b224e03170bc7&CF_Lookup_Business_Unit_Level_02__Job_Posting_Anchor__Extended=5ad0f0506ed201a3d1d2fee5b1001c1d&utm_source=Trackr&utm_medium=tracker&utm_campaign=UK_Finance_2026&source=Trackr
American Express,Campus - Internship Programme,Miscellaneous,https://aexp.eightfold.ai/careers?utm_source=Trackr&utm_medium=tracker&utm_campaign=UK_Finance_2026&query=internship&location=London%2C+London%2C+United+Kingdom&pid=37907146&Role+Type=campus&domain=aexp.com&sort_by=relevance&hl=en&triggerGoButton=true
Balyasny Asset Management,Quantitative Analyst – Macro & Commodities (Summer Internship),Buy-Side,https://bambusdev.my.site.com/s/details?jobReq=Quantitative-Analyst---Macro---Commodities-Investment-Teams--Summer-Internship-_REQ7185&utm_source=Trackr&utm_medium=tracker&utm_campaign=UK_Finance_2026
Bank of America,Summer 2026 Analyst Programme,Bulge Bracket,https://bankcampuscareers.tal.net/vx/lang-en-GB/mobile-0/brand-4/xf-3fa8353e9d47/candidate/jobboard/vacancy/1/adv/?f_Item_Opportunity_17059_lk=511349&ftq=summer&utm_source=Trackr&utm_medium=tracker&utm_campaign=UK_Finance_2026
NERA,Summer Internship 2026,Consulting,https://careers.marshmclennan.com/global/en/job/R_321870/NERA-Summer-Intern-2026-London?utm_source=Trackr&utm_medium=tracker&utm_campaign=UK_Finance_2026
Temasek,Temasek Summer Associate Programme 2026,Buy-Side,https://jobs.temasek.com.sg/job/London-Temasek-Summer-Associate-Internship-Programme-2026-Investment-Group-%28EMEA-London%29-ENG-SW1Y-6QY/827123002/?utm_source=Trackr&utm_medium=tracker&utm_campaign=UK_Finance_2026
Tower Research Capital,Quantitative Trader/Researcher Summer Internship 2026,Trading and Quant,https://tower-research.com/open-positions/?gh_jid=7210138&utm_source=Trackr&utm_medium=tracker&utm_campaign=UK_Finance_2026&gh_src=Trackr
Millennium Management,Summer Intern Programme 2026,Buy-Side,https://campusjobs.mlp.com/careers?utm_source=Trackr&utm_medium=tracker&utm_campaign=UK_Finance_2026&query=Intern&location=London%2C+United+Kingdom&pid=755944533738&domain=mlp.com&sort_by=relevance&triggerGoButton=true
RBC Capital Markets,2026 Summer Analyst,Middle Market,https://rbccmgraduates.gtisolutions.co.uk/VacancyPosting/Search?utm_source=Trackr&utm_medium=tracker&utm_campaign=UK_Finance_2026#!/
Google,"Business Analyst Intern, 2026",Miscellaneous,https://www.google.com/about/careers/applications/jobs/results/81295863426491078-business-analyst-bsms-intern-2026?utm_source=Trackr&utm_medium=tracker&utm_campaign=UK_Finance_2026
DV Trading,2026 Summer Internship - Trading,Trading and Quant,https://job-boards.greenhouse.io/dvtrading/jobs/4592911005?utm_source=Trackr&utm_medium=tracker&utm_campaign=UK_Finance_2026&gh_src=Trackr
G-Research,Internship in Quantitative Research,Trading and Quant,https://www.gresearch.com/vacancies/internship-in-quantitative-research/?utm_source=Trackr&utm_medium=tracker&utm_campaign=UK_Finance_2026
InfraRed Capital Partners,2026 Summer Analyst,Buy-Side,https://ircp.bamboohr.com/careers/335?utm_source=Trackr&utm_medium=tracker&utm_campaign=UK_Finance_2026&source=Trackr
Orbis,Investment Analyst Internship 2025-2026,Buy-Side,https://vhr-orbis.wd3.myworkdayjobs.com/en-US/Orbis_Careers/job/Investment-Analyst-Internship-2025-2026_JR403?utm_source=Trackr&utm_medium=tracker&utm_campaign=UK_Finance_2026&source=Trackr
Ardea Partners,2026 Summer Analyst Programme,Elite Boutique,https://apptrkr.io/2026-summer-analyst-programme-3?utm_source=Trackr&utm_medium=tracker&utm_campaign=UK_Finance_2026
Frontier Economics,2026 Economic Intern (Short-term),Miscellaneous,https://frontiereconomics.wd3.myworkdayjobs.com/en-US/Frontier_Economics_Careers/job/London/XMLNAME-2026-Economic-Intern--Short-term----London_JR10148?utm_source=Trackr&utm_medium=tracker&utm_campaign=UK_Finance_2026&source=Trackr
Zurich Insurance,Summer Internship 2026,Miscellaneous,https://www.careers.zurich.com/search/?utm_source=Trackr&utm_medium=tracker&utm_campaign=UK_Finance_2026&createNewAlert=false&q=internship&locationsearch=GB
Johnston Carmichael,Summer Internship - 2026,Miscellaneous,https://careers.johnstoncarmichael.com/Department/Early%20Careers?utm_source=Trackr&utm_medium=tracker&utm_campaign=UK_Finance_2026
Oak Hill Advisors,Summer Analyst 2026,Buy-Side,https://apptrkr.io/oak-hill-advisors/oha-summer-intern-programme-2026?utm_source=Trackr&utm_medium=tracker&utm_campaign=UK_Finance_2026
Macquarie Group,2026 Summer Internship Programme,Middle Market,https://recruitment.macquarie.com/en_US/careers/SearchJobs/summer%20internship?utm_source=Trackr&utm_medium=tracker&utm_campaign=UK_Finance_2026&592=%5B887254%5D&592_format=9525&listFilterMode=1&jobRecordsPerPage=9
McKinsey & Company,Business Analyst Intern,Consulting,https://www.mckinsey.com/careers/search-jobs/jobs/businessanalystintern-15275?utm_source=Trackr&utm_medium=tracker&utm_campaign=UK_Finance_2026
Alantra,FIG Summer Intern,Middle Market,https://alantra.wd3.myworkdayjobs.com/en-US/Alantra/job/FIG-Summer-Intern--Alantra---London_JR400?utm_source=Trackr&utm_medium=tracker&utm_campaign=UK_Finance_2026&source=Trackr
Eastdil Secured,2026 Summer Internship,Middle Market,https://eastdilsecured.bamboohr.com/careers/123?utm_source=Trackr&utm_medium=tracker&utm_campaign=UK_Finance_2026&source=Trackr
Fidelity International,Summer Internship Programme 2026,Asset Management,https://fidelityinternational.tal.net/vx/lang-en-GB/mobile-0/brand-5/xf-01b5758f18fa/candidate/jobboard/vacancy/1/adv/?utm_source=Trackr&utm_medium=tracker&utm_campaign=UK_Finance_2026&f_Item_Opportunity_17058_lk=518961&f_Item_Opportunity_17048_lk=519559
Houlihan Lokey,Summer Financial Analyst 2026,Middle Market,https://hl.wd1.myworkdayjobs.com/Campus?q=%22summer+financial+analyst+2026%22&locations=979d930e2eac0100f4fbd701ac140000&utm_source=Trackr&utm_medium=tracker&utm_campaign=UK_Finance_2026&source=Trackr
Accuracy,Finance Intern,Consulting,https://app-accuracy.bc.direct/recruitment/career/5ee62d016b800f0fc8e70d1c/68b1c5b42b90a4fe26486ed6?utm_source=Trackr&utm_medium=tracker&utm_campaign=UK_Finance_2026
Knight Frank,12-Week Work Placement,Consulting,https://knightfrank.groupgti.com/VacancyPosting/Search#!/?facet_field=facetstring_VacancyDetail_Programme_Text:Internship&facet_field=facetstring_VacancyDetail_Programme_Text:Work%20placement
Visa,Consulting & Analytics Intern,Miscellaneous,https://jobs.smartrecruiters.com/Visa/744000082912065-consulting-analytics-intern?utm_source=Trackr&utm_medium=tracker&utm_campaign=UK_Finance_2026&trid=Trackr&dcr_ci=Trackr
Gartner,"Account Management Internship, Summer 2026",Miscellaneous,https://gartner.wd5.myworkdayjobs.com/en-US/EXT/details/Graduate-Account-Manager---English-Speaker--2025-2026-Graduates-_103415?utm_source=Trackr&utm_medium=tracker&utm_campaign=UK_Finance_2026&source=Trackr&q=%22Internship%2C+Summer+2026%22&locationCountry=29247e57dbaf46fb855b224e03170bc7
Squarepoint Capital,Intern Quant Researcher,Buy-Side,https://www.squarepoint-capital.com/open-opportunities?utm_source=Trackr&utm_medium=tracker&utm_campaign=UK_Finance_2026&id=243853&gh_src=Trackr
Santander,CIB 2026 Summer Internship Program,Middle Market,https://santander.wd3.myworkdayjobs.com/en-US/SantanderCareers/jobs?utm_source=Trackr&utm_medium=tracker&utm_campaign=UK_Finance_2026&source=Trackr&locationCountry=29247e57dbaf46fb855b224e03170bc7&workerSubType=c26ab0efcb8401233f6601097836b01a
Apple,Finance Development Program (FDP) - Internship - Summer 2026,Miscellaneous,https://jobs.apple.com/en-us/details/200608579/uk-finance-development-program-fdp-internship-summer-2026?rx_source=Trackr&rx_medium=tracker&rx_campaign=UK_Finance_2026?utm_source=Trackr&utm_medium=tracker&utm_campaign=UK_Finance_2026
GIC,GIC Internship Programme 2026,Buy-Side,https://impress.ai/html-widget/chat-widget/cc09feb5-c9d7-4465-9575-ac4e9b534402/?utm_source=Trackr&utm_medium=tracker&utm_campaign=UK_Finance_2026
Société Générale,2026 Summer Internship Programme,Middle Market,https://careers.smartrecruiters.com/SocieteGenerale4/internships?utm_source=Trackr&utm_medium=tracker&utm_campaign=UK_Finance_2026&trid=Trackr&dcr_ci=Trackr
Jefferies,2026 Summer Internship Programme,Middle Market,https://jefferies.tal.net/candidate/jobboard/vacancy/2/adv/?f_Item_Opportunity_84825_lk=765&f_Item_Opportunity_60426_lk=523755&utm_source=Trackr&utm_medium=tracker&utm_campaign=UK_Finance_2026
Equinor,Summer Internship 2026,Trading and Quant,https://equinor.wd3.myworkdayjobs.com/en-US/EQNR/job/Summer-Internship-2026-United-Kingdom---Market-Analysis-and-Trading_JR104281?utm_source=Trackr&utm_medium=tracker&utm_campaign=UK_Finance_2026&source=Trackr
Saffery,Summer Internship - June 2026,Miscellaneous,https://saffery.kallidusrecruit.com/Search.aspx?utm_source=Trackr&utm_medium=tracker&utm_campaign=UK_Finance_2026
Rede Partners,2026 Summer Intern Programme,Middle Market,https://apptrkr.io/rede-partners/rede-partners-2026-programmes-london/summer-intern-programme?utm_source=Trackr&utm_medium=tracker&utm_campaign=UK_Finance_2026
BNY Mellon,2026 Summer Internship Program,Asset Management,https://eofe.fa.us2.oraclecloud.com/hcmUI/CandidateExperience/en/sites/CX_1001/jobs?keyword=%222026+summer+internship%22&location=United+Kingdom&locationId=300000000378281&locationLevel=country&mode=location&utm_source=Trackr&utm_medium=tracker&utm_campaign=UK_Finance_2026&iis=Trackr&sType=Trackr
Oxera,Intern,Consulting,https://careers.oxera.com/jobs?utm_source=Trackr&utm_medium=tracker&utm_campaign=UK_Finance_2026
Harrison Street,Summer 2026 Intern,Buy-Side,https://jobs.lever.co/harrisonst?commitment=Internship&location=London%2C+UK&utm_source=Trackr&utm_medium=tracker&utm_campaign=UK_Finance_2026&lever-source=Trackr
Evercore,Summer Internship (2026),Elite Boutique,https://careers.smartrecruiters.com/Wiser?utm_source=Trackr&utm_medium=tracker&utm_campaign=UK_Finance_2026&trid=Trackr&dcr_ci=Trackr&search=%22Summer+internship+%282026%29+%7C+Evercore%22
Wells Fargo,EMEA Summer Analyst,Middle Market,https://wd1.myworkdaysite.com/en-US/recruiting/wf/WellsFargoJobs?q=%22summer+analyst%22&locationHierarchy1=6cee717ed86e0100c34938c34f450001&utm_source=Trackr&utm_medium=tracker&utm_campaign=UK_Finance_2026
EY,2026 Summer Internship,Big 4,https://ukstudents.ey.com/?utm_source=Trackr&utm_medium=tracker&utm_campaign=UK_Finance_2026&jobs=%26program%5B%5D%3D41&paged=1
Revolut,Rev-celerator Internship Programme 2026,Miscellaneous,https://www.revolut.com/careers/position/rev-celerator-internship-programme-2026-strategy-operations-intern-dbf03585-f956-44fd-b9a9-ed1e79aa050b/?utm_source=Trackr&utm_medium=tracker&utm_campaign=UK_Finance_2026
Lazard,2026 Summer Internship,Elite Boutique,https://lazard-careers.tal.net/vx/lang-en-GB/mobile-0/appcentre-1/brand-4/xf-4c3d6346dd74/candidate/so/pm/1/pl/2/opp/3726-2026-London-Financial-Advisory-Summer-Internship/en-GB?utm_source=Trackr&utm_medium=tracker&utm_campaign=UK_Finance_2026
Susquehanna International Group,Internship: Summer 2026,Trading and Quant,https://careers.sig.com/search-results?keywords=internship+dublin&utm_source=Trackr&utm_medium=tracker&utm_campaign=UK_Finance_2026
WTW,2026 Actuarial Consultant Internship Programme,Miscellaneous,https://careers.wtwco.com/jobs/search?page=1&country_codes%5B%5D=GB&dropdown_field_1_uids%5B%5D=ee9140dc7e9c34cf2e0e736345dcaec5&query=&utm_source=Trackr&utm_medium=tracker&utm_campaign=UK_Finance_2026
Barings,Investment Management Summer Internship,Asset Management,https://barings.wd1.myworkdayjobs.com/en-GB/Barings/job/Barings-Investment-Management-Summer-Internship_JR_006093-1?utm_source=Trackr&utm_medium=tracker&utm_campaign=UK_Finance_2026&source=Trackr
Wintermute,Quant Research Internship (Summer 2026),Trading and Quant,https://jobs.lever.co/wintermute-trading/a86a12ce-041c-4eef-a1e6-1f9308cf5ad1?utm_source=Trackr&utm_medium=tracker&utm_campaign=UK_Finance_2026&lever-source=Trackr
HSBC,Summer Internship 2025-2026,Middle Market,https://hsbcearlycareers.groupgti.com/VacancyPosting/Search?utm_source=Trackr&utm_medium=tracker&utm_campaign=UK_Finance_2026
Qube RT,"2026 - Internship, Quantitative Research/Trading",Trading and Quant,https://www.qube-rt.com/careers/job?gh_jid=8052341002&utm_source=Trackr&utm_medium=tracker&utm_campaign=UK_Finance_2026&gh_src=Trackr
Citadel,International Equities Associate – Intern,Buy-Side,https://www.citadel.com/careers/details/international-equities-associate-intern-europe/?utm_source=Trackr&utm_medium=tracker&utm_campaign=UK_Finance_2026
Ankura,Summer Internship 2026 Turnaround & Restructuring,Consulting,https://ankura.wd5.myworkdayjobs.com/en-US/Ankura/job/Summer-Internship-2026-Turnaround---Restructuring--Graduate-programme-conversion-2027-_R104193?utm_source=Trackr&utm_medium=tracker&utm_campaign=UK_Finance_2026&source=Trackr
BlackRock,2026 Summer Internship Program - EMEA,Asset Management,https://blackrock.tal.net/vx/lang-en-GB/mobile-0/brand-3/user-1735377/xf-6a8790cf84a5/candidate/so/pm/1/pl/1/opp/9617-2026-Summer-Internship-Program-EMEA/en-GB?utm_source=Trackr&utm_medium=tracker&utm_campaign=UK_Finance_2026
TikTok,"Intern, 2026 Summer",Miscellaneous,https://lifeattiktok.com/search?job_category_id_list=6704215882479962371&location_code_list=CT_93&recruitment_id_list=202%2C301&subject_id_list=&tag_id_list=&keyword=development&limit=12&offset=0&utm_source=Trackr&utm_medium=tracker&utm_campaign=UK_Finance_2026
Tencent,Business Development Intern,Miscellaneous,https://tencent.wd1.myworkdayjobs.com/en-US/Tencent_Careers/job/Business-Development-Intern_R106101?utm_source=Trackr&utm_medium=tracker&utm_campaign=UK_Finance_2026&source=Trackr
William Blair,Investment Banking Summer 2026 Analyst,Middle Market,https://www.williamblair.com/Careers/job-description?utm_source=Trackr&utm_medium=tracker&utm_campaign=UK_Finance_2026&gh_jid=4799689007&gh_src=Trackr
Principal Asset Management,Intern,Asset Management,https://www.linkedin.com/jobs/view/4300313256?utm_source=Trackr&utm_medium=tracker&utm_campaign=UK_Finance_2026
Compass Lexecon,Intern (Summer 2026),Consulting,https://jobs.lever.co/compasslexecon/36c8aa05-7101-4971-be78-c3005fd76448?utm_source=Trackr&utm_medium=tracker&utm_campaign=UK_Finance_2026&lever-source=Trackr
BAE Systems,Summer Intern,Miscellaneous,https://jobsearch.baesystems.com/search-and-apply?src=Trackr&_search=%22summer+intern%22&_international_locations_checkboxes=united-kingdom&_areas_of_work_checkboxes=business-development-and-sales%2Cfinance&utm_source=Trackr&utm_medium=tracker&utm_campaign=UK_Finance_2026
Quantbot Technologies,Quantitative Researcher Internship - 2026,Trading and Quant,https://www.quantbot.com/careers/internships/?gh_jid=4021287009&utm_source=Trackr&utm_medium=tracker&utm_campaign=UK_Finance_2026&gh_src=Trackr
Citadel Securities,Quantitative Trading - Intern,Trading and Quant,https://www.citadelsecurities.com/careers/details/quantitative-trading-intern-europe/?utm_source=Trackr&utm_medium=tracker&utm_campaign=UK_Finance_2026
Verition Fund Management,2026 Summer Internship,Buy-Side,https://www.verition.com/open-positions?gh_jid=4855917007&utm_source=Trackr&utm_medium=tracker&utm_campaign=UK_Finance_2026&gh_src=Trackr
Greenhill,2026 Summer Internship,Elite Boutique,https://pod2.app.loxo.co/job/MzgwNDItNmd5dTE2MmNpZTZ2Znd3Zw==?t=1756198315543&utm_source=Trackr&utm_medium=tracker&utm_campaign=UK_Finance_2026
IMC Trading,Trader Intern (2026),Trading and Quant,https://job-boards.eu.greenhouse.io/imc?keyword=trader+intern&offices%5B%5D=4012437101&utm_source=Trackr&utm_medium=tracker&utm_campaign=UK_Finance_2026&gh_src=Trackr
Gleacher Shacklock,Investment Banking Summer Internship 2026,Middle Market,https://pod2.app.loxo.co/job/MzgwNDItNGtkZjVvaXV4ZzBhamVwNw?utm_source=Trackr&utm_medium=tracker&utm_campaign=UK_Finance_2026
Aquatic Capital Management,"Quantitative Researcher, Intern (Summer 2026)",Trading and Quant,https://job-boards.greenhouse.io/aquaticcapitalmanagement/jobs/7985726002?utm_source=Trackr&utm_medium=tracker&utm_campaign=UK_Finance_2026&gh_src=Trackr
Barclays,Summer Internship Programme 2026,Bulge Bracket,https://search.jobs.barclays/search-jobs/summer%20internship%202026/London%2C%20England/13015/1/4/2635167-6269131-2648110-2643743/51x50853/-0x12574/50/2?utm_source=Trackr&utm_medium=tracker&utm_campaign=UK_Finance_2026
BDO Global,2026 Summer Internship Programme,Middle Market,https://bdouk.wd3.myworkdayjobs.com/en-US/BDO_Early_in_Career/jobs?q=%27summer+internship+programme%27&utm_source=Trackr&utm_medium=tracker&utm_campaign=UK_Finance_2026&source=Trackr
Nomura,2026 Summer Internship Programme,Middle Market,https://nomuracampus.tal.net/vx/lang-en-GB/mobile-0/appcentre-ext/brand-4/user-598163/xf-5eab17dcb829/candidate/jobboard/vacancy/1/adv/?utm_source=Trackr&utm_medium=tracker&utm_campaign=UK_Finance_2026&f_Item_Opportunity_84825_lk=765&f_Item_Opportunity_60426_lk=520149
DRW,Quantitative Trading/Research Analyst Intern,Trading and Quant,https://job-boards.greenhouse.io/drweng/jobs/6899911?utm_source=Trackr&utm_medium=tracker&utm_campaign=UK_Finance_2026&gh_src=Trackr
Aon,Aon Summer Internship Programme 2026,Asset Management,https://jobs.aon.com/jobs?keywords=%23AonInternshipUK&sortBy=relevance&page=1&_gl=1*1tyq6s8*_ga*MTkxMzU0MTA3NC4xNjYzNzg3NjA1*_gid*MTc4NjkxNTU4MC4xNjY1MTYxODI5*_fplc*d1BPN3cwVzFLMmlPNjgxa1BJNldKcFNhMiUyQmhnd0xiS1lkbTlZTlY4UjVuR0Nlb20xQTNUJTJGUVFWbkRINWJxYTJWJTJCdCUyRmxmbW9hJTJCOHF0TmtBMkxINlpFR1U0NU41cWpWUllTRjNyYUFHUDB3akVFd0pjbW50ZDcwcmo5OWx6USUzRCUzRA..*_ga_S2CXP61BY4*MTY2NTI0MzQ2MC4yLjAuMTY2NTI0MzQ2Ni4wLjAuMA&limit=100&utm_source=Trackr&utm_medium=tracker&utm_campaign=UK_Finance_2026
Norges Bank,Summer Internship 2026,Asset Management,https://398280.webcruiter.no/Main/Recruit/Public/5017910914?utm_source=Trackr&utm_medium=tracker&utm_campaign=UK_Finance_2026
Marshall Wace,Quant Research Intern,Trading and Quant,https://job-boards.greenhouse.io/mwinternshipprogram/jobs/8145488002?utm_source=Trackr&utm_medium=tracker&utm_campaign=UK_Finance_2026&gh_src=Trackr
UBS,2026 Summer Intern Program,Bulge Bracket,https://jobs.ubs.com/TGnewUI/Search/home/HomeWithPreLoad?utm_source=Trackr&utm_medium=tracker&utm_campaign=UK_Finance_2026&partnerid=25008&siteid=5131&PageType=searchResults&SearchType=linkquery&LinkID=15232
Synthesis,Quantitative Research Intern (Summer 2026),Trading and Quant,https://www.linkedin.com/jobs/view/4294605056/?utm_source=Trackr&utm_medium=tracker&utm_campaign=UK_Finance_2026
Blackstone,2026 Blackstone Summer Analyst,Buy-Side,https://blackstone.wd1.myworkdayjobs.com/en-US/Blackstone_Campus_Careers/jobs?utm_source=Trackr&utm_medium=tracker&utm_campaign=UK_Finance_2026&source=Trackr&q=2026+summer+analyst&locations=ef375a2335bb019369c586065e1f3d2b
Raine Group,2026 Summer Analyst,Elite Boutique,https://jobs.lever.co/raine/356a1456-58f7-4027-9105-1b5b3e24b3e5?utm_source=Trackr&utm_medium=tracker&utm_campaign=UK_Finance_2026&lever-source=Trackr
BNP Paribas,2026 Summer Internship Programme,Middle Market,https://careers.bnpparibas.co.uk/early-career-opportunities/?utm_source=Trackr&utm_medium=tracker&utm_campaign=UK_Finance_2026
Rothschild & Co.,2026 Summer Analyst Programme,Elite Boutique,https://rothschildandco.tal.net/vx/lang-en-GB/mobile-0/appcentre-ext/brand-4/xf-ceefb6a09989/candidate/jobboard/vacancy/2/adv/?utm_source=Trackr&utm_medium=tracker&utm_campaign=UK_Finance_2026&f_Item_Opportunity_78763_lk=523763&f_Item_Opportunity_132775_lk=519870&f_Item_Opportunity_60426_lk=520148
Morgan Stanley,2026 Summer Analyst Programme,Bulge Bracket,https://morganstanley.tal.net/vx/lang-en-GB/mobile-0/brand-2/xf-9e4b73c4eef5/candidate/jobboard/vacancy/1/adv/?utm_source=Trackr&utm_medium=tracker&utm_campaign=UK_Finance_2026&f_Item_Opportunity_17058_lk=133794&f_Item_Opportunity_17048_lk=770
Mizuho,Summer Internship,Middle Market,https://www.grb.uk.com/graduate-recruiters/mizuho-banking?utm_source=Trackr&utm_medium=tracker&utm_campaign=UK_Finance_2026
Alvarez & Marsal,"Summer Intern, Corporate Finance",Consulting,https://careers.alvarezandmarsal.com/search/jobs/within/25/miles/of/51.5072178/-0.1275862?q=%22summer+intern%22&ns_location=London%2C+UK&utm_source=Trackr&utm_medium=tracker&utm_campaign=UK_Finance_2026
DC Advisory,Summer Analyst Programme 2026,Middle Market,https://apptrkr.io/dc-advisory/dc-advisory-intern-and-graduate-programmes-2026?utm_source=Trackr&utm_medium=tracker&utm_campaign=UK_Finance_2026
MUFG,MUFG 2026 Summer Internship,Middle Market,https://mufgub.wd3.myworkdayjobs.com/MUFG-EarlyCareers?q=%222026+mufg+uk+summer+internship%22&utm_source=Trackr&utm_medium=tracker&utm_campaign=UK_Finance_2026&source=Trackr
GSA Capital,Quantitative Reseacher - Intern,Trading and Quant,https://boards.greenhouse.io/embed/job_app?for=gsacapital&token=8016006002&utm_source=Trackr&utm_medium=tracker&utm_campaign=UK_Finance_2026&gh_src=Trackr
EDF Trading,Summer Internship,Trading and Quant,https://forms.rmp-connect.com/form/pb1f6dfRrXyexWUSfsp8dqF3SY/YKL1GoiNZlJLkWPeMQDb?utm_source=Trackr&utm_medium=tracker&utm_campaign=UK_Finance_2026&source=Trackr
Optiver,Quantitative Trading/Research Internship,Trading and Quant,https://optiver.com/working-at-optiver/career-opportunities/?numberposts=10&paged=1&level=internship&office=amsterdam&department=trading&utm_source=Trackr&utm_medium=tracker&utm_campaign=UK_Finance_2026
Standard Chartered,Internship Programme UK 2026,Middle Market,https://jobs.standardchartered.com/content/Search-Result-Page/?utm_source=Trackr&utm_medium=tracker&utm_campaign=UK_Finance_2026&market=GB&job_type=Employee+Intern
DWS,2026 Summer Internships,Asset Management,https://dws.groupgti.com/VacancyPosting/Search/?utm_source=Trackr&utm_medium=tracker&utm_campaign=UK_Finance_2026
Oliver Wyman,Summer Internship 2026,Consulting,https://careers.marshmclennan.com/global/en/job/R_321898/Oliver-Wyman-Summer-Internship-2026-London?utm_source=Trackr&utm_medium=tracker&utm_campaign=UK_Finance_2026
